id,tag,rating
154909,amazing sci-fi,1
154909,classic,3
154909,dark comedy,4
154909,quentin tarantino,3
154909,space aliens,1
167190,action,5
167190,aliens,5
167190,classic,2
167190,sci-fi,5
167190,space,5
77960,atmospheric,4
77960,psychology,4
77960,sci-fi,4
77960,thought-provoking,4
77960,twist ending,4
127706,leonardo dicaprio,1
127706,psychological,5
127706,thought-provoking,5
127706,twist ending,5
127706,visually appealing,3
19017,atmospheric,4
19017,dystopia,4
19017,psychology,3
19017,sci-fi,5
19017,thought-provoking,5
49472,alternate reality,4
49472,inspirational,3
49472,sci-fi,1
49472,thought-provoking,5
49472,twist ending,5
31276,adventure,4
31276,animation,5
31276,comedy,5
31276,funny,4
31276,pixar,5
38642,adventure,3
38642,atmospheric,3
38642,dystopia,3
38642,sci-fi,3
38642,thought-provoking,3
144667,atmospheric,4
144667,dark comedy,5
144667,sci-fi,4
144667,thought-provoking,5
144667,twist ending,3
28420,adventure,5
28420,animation,1
28420,pixar,1
28420,sci-fi,4
28420,superhero,5
95613,action,1
95613,atmospheric,5
95613,comedy,1
95613,sci-fi,1
95613,twist ending,1
107255,comedy,5
107255,funny,4
107255,hilarious,4
107255,nudity (topless),2
107255,seth rogen,1
57476,action,4
57476,amazing sci-fi,3
57476,classic,4
57476,space aliens,3
57476,star wars,5
152858,atmospheric,1
152858,psychology,1
152858,sci-fi,1
152858,thought-provoking,1
152858,twist ending,1
6318,action,2
6318,atmospheric,5
6318,classic,5
6318,dark comedy,4
6318,sci-fi,4
170173,atmospheric,5
170173,dark comedy,5
170173,sci-fi,3
170173,surreal,5
170173,visually appealing,5
71186,atmospheric,5
71186,dark comedy,3
71186,psychology,5
71186,thought-provoking,5
71186,twist ending,4
111445,action,3
111445,adventure,5
111445,aliens,1
111445,comedy,5
111445,sci-fi,1
17426,atmospheric,5
17426,dark comedy,1
17426,sci-fi,5
17426,surreal,5
17426,twist ending,5
39940,atmospheric,5
39940,dark comedy,5
39940,sci-fi,5
39940,thought-provoking,5
39940,twist ending,4
11313,atmospheric,5
11313,sci-fi,5
11313,thought-provoking,5
11313,twist ending,5
11313,visually appealing,5
47586,great acting,3
47586,psychology,5
47586,quentin tarantino,1
47586,suspense,3
47586,twist ending,5
15236,atmospheric,5
15236,dark comedy,4
15236,psychology,4
15236,surreal,5
15236,thought-provoking,5
168512,action,5
168512,adventure,5
168512,amazing sci-fi,4
168512,classic,2
168512,comedy,3
103977,atmospheric,4
103977,dark comedy,4
103977,psychology,4
103977,thought-provoking,5
103977,twist ending,2
125324,atmospheric,4
125324,dark comedy,1
125324,stylized,4
125324,surreal,5
125324,twist ending,5
48768,atmospheric,4
48768,sci-fi,4
48768,thought-provoking,5
48768,twist ending,5
48768,visually appealing,4
42635,classic,3
42635,comedy,1
42635,great acting,5
42635,inspirational,1
42635,tom hanks,1
10957,comedy,3
10957,jim carrey,1
10957,psychology,5
10957,serial killer,2
10957,twist ending,5
26267,dark comedy,2
26267,dystopia,2
26267,sci-fi,5
26267,thought-provoking,5
26267,twist ending,2
178,psychology,3
178,sci-fi,4
178,surreal,5
178,thought-provoking,5
178,time travel,1
15903,action,2
15903,atmospheric,5
15903,sci-fi,5
15903,thought-provoking,5
15903,twist ending,5
87222,atmospheric,5
87222,dark comedy,5
87222,sci-fi,5
87222,twist ending,5
87222,visually appealing,5
13636,atmospheric,4
13636,dark comedy,5
13636,sci-fi,3
13636,surreal,5
13636,thought-provoking,5
31158,action,2
31158,atmospheric,5
31158,sci-fi,3
31158,thought-provoking,5
31158,twist ending,2
169924,atmospheric,5
169924,psychology,4
169924,sci-fi,1
169924,thought-provoking,5
169924,twist ending,2
177908,dark comedy,3
177908,inspirational,3
177908,psychology,3
177908,quentin tarantino,3
177908,twist ending,3
458,atmospheric,5
458,dark comedy,5
458,sci-fi,5
458,thought-provoking,5
458,twist ending,5
78943,atmospheric,5
78943,psychology,5
78943,sci-fi,5
78943,thought-provoking,5
78943,twist ending,5
107649,atmospheric,3
107649,sci-fi,1
107649,thought-provoking,3
107649,twist ending,3
107649,visually appealing,3
100400,action,1
100400,sci-fi,5
100400,superhero,1
100400,thought-provoking,5
100400,visually appealing,4
144756,dark comedy,5
144756,quentin tarantino,1
144756,sci-fi,1
144756,stylized,5
144756,violence,5
61662,atmospheric,5
61662,dark comedy,5
61662,psychology,5
61662,sci-fi,5
61662,twist ending,5
36836,great acting,2
36836,inspirational,4
36836,psychology,4
36836,thought-provoking,4
36836,twist ending,2
95349,director: christopher nolan,1
95349,sci-fi,5
95349,thought-provoking,5
95349,twist ending,5
95349,visually appealing,4
51146,artificial intelligence,3
51146,atmospheric,3
51146,bittersweet,3
51146,surreal,3
51146,visually appealing,3
37215,atmospheric,3
37215,horror,3
37215,psychology,3
37215,suspense,3
37215,twist ending,3
88473,atmospheric,3
88473,funny,2
88473,sci-fi,4
88473,thought-provoking,4
88473,twist ending,2
123038,psychological,5
123038,sci-fi,4
123038,thought-provoking,5
123038,twist ending,4
123038,visually appealing,3
41341,atmospheric,4
41341,psychology,3
41341,surreal,4
41341,thought-provoking,5
41341,twist ending,2
36136,atmospheric,4
36136,dark comedy,1
36136,sci-fi,5
36136,surreal,5
36136,visually appealing,4
26641,atmospheric,3
26641,classic,3
26641,dark comedy,3
26641,psychology,3
26641,sci-fi,3
78938,animation,1
78938,funny,4
78938,sci-fi,5
78938,space,1
78938,surreal,5
142687,atmospheric,5
142687,dark comedy,5
142687,sci-fi,3
142687,thought-provoking,5
142687,twist ending,2
184266,action,5
184266,alternate reality,1
184266,sci-fi,3
184266,superhero,5
184266,thought-provoking,2
153285,action,5
153285,atmospheric,5
153285,sci-fi,1
153285,thought-provoking,3
153285,twist ending,2
77911,dark comedy,4
77911,psychology,4
77911,quirky,2
77911,surreal,3
77911,thought-provoking,5
168447,comedy,1
168447,funny,1
168447,pixar,1
168447,psychology,5
168447,twist ending,5
5111,quirky,3
5111,sci-fi,3
5111,surreal,3
5111,thought-provoking,3
5111,visually appealing,3
106894,artificial intelligence,1
106894,psychological,5
106894,sci-fi,5
106894,thought-provoking,5
106894,visually appealing,3
146494,atmospheric,5
146494,dark comedy,3
146494,psychology,5
146494,social commentary,2
146494,twist ending,5
32528,action,1
32528,comedy,3
32528,dark comedy,5
32528,funny,3
32528,sci-fi,5
91843,adventure,5
91843,amazing sci-fi,1
91843,atmospheric,4
91843,fantasy,5
91843,sci-fi,1
128940,atmospheric,3
128940,great ending,3
128940,psychology,3
128940,quentin tarantino,3
128940,twist ending,3
29510,adventure,1
29510,atmospheric,5
29510,classic,4
29510,dark comedy,5
29510,sci-fi,5
92258,action,2
92258,adventure,2
92258,alternate reality,5
92258,sci-fi,5
92258,thought-provoking,5
163158,dark comedy,4
163158,psychology,2
163158,quentin tarantino,5
163158,serial killer,1
163158,twist ending,3
130980,atmospheric,5
130980,psychology,5
130980,surreal,5
130980,thought-provoking,5
130980,visually appealing,5
175114,atmospheric,5
175114,classic,3
175114,dark comedy,2
175114,psychology,5
175114,twist ending,5
89964,action,4
89964,dystopia,1
89964,sci-fi,5
89964,space,1
89964,thought-provoking,5
72898,comedy,2
72898,drama,5
72898,historical,5
72898,tom hanks,1
72898,true story,5
198141,action,2
198141,atmospheric,5
198141,dark comedy,5
198141,sci-fi,3
198141,twist ending,1
138923,action,5
138923,amazing sci-fi,3
138923,classic,3
138923,sci-fi,5
138923,superhero,1
59713,psychology,5
59713,sci-fi,3
59713,surreal,4
59713,thought-provoking,5
59713,twist ending,2
157167,atmospheric,3
157167,dark comedy,3
157167,sci-fi,3
157167,surreal,3
157167,thought-provoking,3
29150,action,4
29150,comedy,1
29150,sci-fi,5
29150,time travel,5
29150,twist ending,5
2495,leonardo dicaprio,1
2495,psychological,5
2495,sci-fi,4
2495,thought-provoking,5
2495,twist ending,5
137243,atmospheric,5
137243,comedy,3
137243,psychology,5
137243,sci-fi,3
137243,twist ending,1
82834,adventure,2
82834,atmospheric,5
82834,psychology,5
82834,sci-fi,5
82834,twist ending,5
54664,atmospheric,5
54664,surreal,5
54664,thought-provoking,5
54664,twist ending,5
54664,visually appealing,5
81548,kevin spacey,1
81548,psychology,5
81548,serial killer,1
81548,suspense,4
81548,twist ending,5
164475,action,1
164475,atmospheric,5
164475,classic,5
164475,comedy,1
164475,psychology,5
149599,action,2
149599,amazing sci-fi,1
149599,classic,5
149599,comedy,5
149599,funny,5
111689,adventure,2
111689,sci-fi,4
111689,surreal,5
111689,thought-provoking,5
111689,twist ending,4
78274,atmospheric,4
78274,psychological,4
78274,thought-provoking,4
78274,twist ending,4
78274,visually appealing,4
166065,action,4
166065,comedy,1
166065,historical,5
166065,tom hanks,1
166065,world war ii,5
75636,atmospheric,4
75636,comedy,3
75636,dark comedy,5
75636,psychology,4
75636,twist ending,2
122755,amazing sci-fi,2
122755,psychology,4
122755,sci-fi,5
122755,thought-provoking,5
122755,twist ending,5
43727,amazing sci-fi,1
43727,classic,5
43727,dark comedy,4
43727,quentin tarantino,5
43727,space aliens,1
101264,action,5
101264,atmospheric,3
101264,classic,2
101264,dystopia,4
101264,sci-fi,5
92643,atmospheric,5
92643,dark comedy,2
92643,psychology,4
92643,thought-provoking,5
92643,twist ending,3
74878,atmospheric,5
74878,dark comedy,1
74878,sci-fi,1
74878,surreal,3
74878,twist ending,2
188910,action,4
188910,adventure,5
188910,animation,1
188910,fantasy,5
188910,pixar,1
153736,atmospheric,4
153736,dark comedy,3
153736,psychology,4
153736,thought-provoking,4
153736,twist ending,5
131691,atmospheric,5
131691,sci-fi,5
131691,thought-provoking,5
131691,twist ending,5
131691,visually appealing,5
40168,atmospheric,5
40168,psychology,5
40168,sci-fi,2
40168,thought-provoking,5
40168,twist ending,5
144305,dark comedy,5
144305,psychology,5
144305,social commentary,5
144305,thought-provoking,5
144305,twist ending,2
36823,action,3
36823,adventure,5
36823,classic,4
36823,fantasy,2
36823,sci-fi,5
159835,action,1
159835,atmospheric,5
159835,classic,3
159835,sci-fi,1
159835,twist ending,5
75252,action,1
75252,classic,4
75252,comedy,2
75252,dark comedy,5
75252,sci-fi,5
25233,atmospheric,4
25233,dark comedy,3
25233,sci-fi,5
25233,thought-provoking,5
25233,visually appealing,3
6308,atmospheric,5
6308,dark comedy,5
6308,sci-fi,2
6308,thought-provoking,5
6308,twist ending,2
88891,atmospheric,5
88891,dark comedy,3
88891,quentin tarantino,2
88891,quirky,1
88891,world war ii,1
66300,adventure,1
66300,atmospheric,5
66300,psychology,5
66300,social commentary,2
66300,surreal,4
51934,atmospheric,5
51934,dark comedy,1
51934,psychology,3
51934,thought-provoking,5
51934,twist ending,2
181183,action,3
181183,psychology,5
181183,surreal,3
181183,thought-provoking,5
181183,twist ending,2
63243,atmospheric,5
63243,dark comedy,5
63243,sci-fi,5
63243,thought-provoking,5
63243,visually appealing,5
191642,alien invasion,1
191642,american animation,5
191642,animation,5
191642,disney renaissance,1
191642,pixar,1
130220,action,2
130220,sci-fi,5
130220,superhero,1
130220,thought-provoking,5
130220,visually appealing,4
999999,alternate reality,5
999999,director: christopher nolan,1
999999,sci-fi,4
999999,thought-provoking,5
999999,visually appealing,3
