id,description,tags
154909,Sin City (2005),classic|amazing sci-fi|dark comedy|quentin tarantino|space aliens
167190,Guardians of the Galaxy (2014),sci-fi|action|classic|aliens|space
77960,Donnie Darko (2001),sci-fi|twist ending|thought-provoking|atmospheric|psychology
127706,"Game, The (1997)",thought-provoking|twist ending|leonardo dicaprio|visually appealing|psychological
19017,"Matrix Reloaded, The (2003)",thought-provoking|sci-fi|atmospheric|psychology|dystopia
49472,Fight Club (1999),thought-provoking|sci-fi|inspirational|alternate reality|twist ending
31276,Incredibles 2 (2018),funny|comedy|pixar|animation|adventure
38642,Moon (2009),sci-fi|dystopia|adventure|atmospheric|thought-provoking
144667,Brazil (1985),atmospheric|twist ending|thought-provoking|sci-fi|dark comedy
28420,Guardians of the Galaxy (2014),superhero|pixar|adventure|sci-fi|animation
95613,Into the Wild (2007),twist ending|comedy|sci-fi|atmospheric|action
107255,Anchorman: The Legend of Ron Burgundy (2004),comedy|nudity (topless)|funny|hilarious|seth rogen
57476,Star Wars: Episode VI - Return of the Jedi (1983),amazing sci-fi|action|star wars|classic|space aliens
152858,"Clockwork Orange, A (1971)",twist ending|sci-fi|psychology|atmospheric|thought-provoking
6318,"Clockwork Orange, A (1971)",action|sci-fi|atmospheric|dark comedy|classic
170173,Delicatessen (1991),atmospheric|visually appealing|dark comedy|sci-fi|surreal
71186,Donnie Darko (2001),thought-provoking|twist ending|atmospheric|dark comedy|psychology
111445,"Princess Bride, The (1987)",comedy|action|sci-fi|aliens|adventure
17426,Inception (2010),atmospheric|dark comedy|twist ending|surreal|sci-fi
39940,Brazil (1985),atmospheric|sci-fi|twist ending|dark comedy|thought-provoking
11313,Donnie Darko (2001),sci-fi|atmospheric|twist ending|visually appealing|thought-provoking
47586,Fight Club (1999),twist ending|psychology|quentin tarantino|suspense|great acting
15236,Donnie Darko (2001),dark comedy|atmospheric|thought-provoking|psychology|surreal
168512,Solo: A Star Wars Story (2018),classic|action|adventure|amazing sci-fi|comedy
103977,"Clockwork Orange, A (1971)",twist ending|atmospheric|thought-provoking|psychology|dark comedy
125324,Inception (2010),twist ending|atmospheric|dark comedy|surreal|stylized
48768,Donnie Darko (2001),twist ending|thought-provoking|visually appealing|atmospheric|sci-fi
42635,Primal Fear (1996),classic|great acting|tom hanks|comedy|inspirational
10957,Fight Club (1999),jim carrey|serial killer|twist ending|comedy|psychology
26267,2001: A Space Odyssey (1968),sci-fi|thought-provoking|dystopia|dark comedy|twist ending
178,Brazil (1985),thought-provoking|sci-fi|surreal|time travel|psychology
15903,Donnie Darko (2001),atmospheric|sci-fi|twist ending|action|thought-provoking
87222,Brazil (1985),sci-fi|atmospheric|twist ending|visually appealing|dark comedy
13636,"Clockwork Orange, A (1971)",sci-fi|surreal|thought-provoking|dark comedy|atmospheric
31158,"Clockwork Orange, A (1971)",sci-fi|action|thought-provoking|atmospheric|twist ending
169924,"Pan's Labyrinth (Laberinto del fauno, El) (2006)",twist ending|atmospheric|sci-fi|psychology|thought-provoking
177908,Snatch (2000),dark comedy|psychology|twist ending|quentin tarantino|inspirational
458,Donnie Darko (2001),dark comedy|thought-provoking|atmospheric|sci-fi|twist ending
78943,Donnie Darko (2001),twist ending|atmospheric|psychology|thought-provoking|sci-fi
107649,Fight Club (1999),atmospheric|thought-provoking|twist ending|sci-fi|visually appealing
100400,Donnie Darko (2001),sci-fi|action|thought-provoking|superhero|visually appealing
144756,Snatch (2000),quentin tarantino|dark comedy|sci-fi|stylized|violence
61662,Donnie Darko (2001),atmospheric|dark comedy|sci-fi|twist ending|psychology
36836,One Flew Over the Cuckoo's Nest (1975),psychology|thought-provoking|great acting|twist ending|inspirational
95349,Donnie Darko (2001),thought-provoking|twist ending|visually appealing|sci-fi|director: christopher nolan
51146,Fight Club (1999),atmospheric|surreal|visually appealing|artificial intelligence|bittersweet
37215,Seven (a.k.a. Se7en) (1995),atmospheric|horror|suspense|twist ending|psychology
88473,Cloud Atlas (2012),thought-provoking|sci-fi|atmospheric|funny|twist ending
123038,Donnie Darko (2001),thought-provoking|sci-fi|twist ending|psychological|visually appealing
41341,Cloud Atlas (2012),thought-provoking|twist ending|psychology|surreal|atmospheric
36136,Inception (2010),atmospheric|surreal|dark comedy|visually appealing|sci-fi
26641,Donnie Darko (2001),classic|atmospheric|dark comedy|psychology|sci-fi
78938,Brazil (1985),sci-fi|space|animation|funny|surreal
142687,"Clockwork Orange, A (1971)",atmospheric|twist ending|dark comedy|thought-provoking|sci-fi
184266,Iron Man 3 (2013),sci-fi|thought-provoking|superhero|alternate reality|action
153285,Sin City (2005),sci-fi|thought-provoking|action|atmospheric|twist ending
77911,"Clockwork Orange, A (1971)",dark comedy|surreal|thought-provoking|quirky|psychology
168447,Fight Club (1999),psychology|twist ending|pixar|comedy|funny
5111,Eternal Sunshine of the Spotless Mind (2004),thought-provoking|visually appealing|surreal|quirky|sci-fi
106894,Donnie Darko (2001),sci-fi|visually appealing|thought-provoking|psychological|artificial intelligence
146494,Donnie Darko (2001),dark comedy|psychology|twist ending|social commentary|atmospheric
32528,Donnie Darko (2001),sci-fi|action|comedy|dark comedy|funny
91843,Princess Mononoke (Mononoke-hime) (1997),sci-fi|amazing sci-fi|atmospheric|adventure|fantasy
128940,Fight Club (1999),twist ending|psychology|quentin tarantino|atmospheric|great ending
29510,Donnie Darko (2001),adventure|dark comedy|classic|sci-fi|atmospheric
92258,Dark City (1998),sci-fi|thought-provoking|adventure|action|alternate reality
163158,Reservoir Dogs (1992),twist ending|quentin tarantino|psychology|serial killer|dark comedy
130980,Donnie Darko (2001),visually appealing|thought-provoking|surreal|atmospheric|psychology
175114,The Machinist (2004),atmospheric|psychology|twist ending|dark comedy|classic
89964,Inception (2010),sci-fi|space|dystopia|thought-provoking|action
72898,"King's Speech, The (2010)",tom hanks|comedy|historical|drama|true story
198141,"Clockwork Orange, A (1971)",sci-fi|dark comedy|twist ending|atmospheric|action
138923,"Matrix Revolutions, The (2003)",sci-fi|amazing sci-fi|superhero|classic|action
59713,"Clockwork Orange, A (1971)",twist ending|psychology|thought-provoking|surreal|sci-fi
157167,"Clockwork Orange, A (1971)",atmospheric|dark comedy|sci-fi|surreal|thought-provoking
29150,Source Code (2011),comedy|action|twist ending|sci-fi|time travel
2495,Donnie Darko (2001),thought-provoking|twist ending|leonardo dicaprio|sci-fi|psychological
137243,"Clockwork Orange, A (1971)",atmospheric|twist ending|sci-fi|psychology|comedy
82834,Donnie Darko (2001),sci-fi|adventure|atmospheric|twist ending|psychology
54664,Mulholland Drive (2001),atmospheric|twist ending|thought-provoking|surreal|visually appealing
81548,"Sixth Sense, The (1999)",twist ending|serial killer|psychology|suspense|kevin spacey
164475,"Shining, The (1980)",classic|psychology|action|atmospheric|comedy
149599,Toy Story (1995),comedy|classic|amazing sci-fi|action|funny
111689,Donnie Darko (2001),thought-provoking|surreal|twist ending|adventure|sci-fi
78274,Dark City (1998),twist ending|visually appealing|atmospheric|psychological|thought-provoking
166065,Pearl Harbor (2001),tom hanks|historical|world war ii|action|comedy
75636,"Clockwork Orange, A (1971)",dark comedy|psychology|twist ending|atmospheric|comedy
122755,Donnie Darko (2001),twist ending|thought-provoking|psychology|sci-fi|amazing sci-fi
43727,Reservoir Dogs (1992),amazing sci-fi|classic|quentin tarantino|dark comedy|space aliens
101264,"Matrix Reloaded, The (2003)",sci-fi|atmospheric|classic|dystopia|action
92643,"Pan's Labyrinth (Laberinto del fauno, El) (2006)",twist ending|psychology|dark comedy|atmospheric|thought-provoking
74878,Princess Mononoke (Mononoke-hime) (1997),atmospheric|sci-fi|dark comedy|twist ending|surreal
188910,"Hobbit: The Desolation of Smaug, The (2013)",adventure|pixar|action|animation|fantasy
153736,Donnie Darko (2001),twist ending|psychology|dark comedy|thought-provoking|atmospheric
131691,Dark City (1998),atmospheric|sci-fi|thought-provoking|twist ending|visually appealing
40168,Mulholland Drive (2001),sci-fi|twist ending|thought-provoking|psychology|atmospheric
144305,"Clockwork Orange, A (1971)",dark comedy|social commentary|thought-provoking|twist ending|psychology
36823,Back to the Future Part III (1990),action|sci-fi|adventure|classic|fantasy
159835,The Machinist (2004),sci-fi|atmospheric|twist ending|classic|action
75252,Donnie Darko (2001),action|sci-fi|dark comedy|classic|comedy
25233,Donnie Darko (2001),thought-provoking|sci-fi|dark comedy|atmospheric|visually appealing
6308,"Clockwork Orange, A (1971)",twist ending|atmospheric|dark comedy|sci-fi|thought-provoking
88891,City of God (Cidade de Deus) (2002),dark comedy|quentin tarantino|quirky|atmospheric|world war ii
66300,"Shining, The (1980)",atmospheric|psychology|surreal|social commentary|adventure
51934,"Pan's Labyrinth (Laberinto del fauno, El) (2006)",atmospheric|twist ending|psychology|dark comedy|thought-provoking
181183,Inception (2010),twist ending|thought-provoking|psychology|action|surreal
63243,Dark City (1998),atmospheric|visually appealing|thought-provoking|sci-fi|dark comedy
191642,Big Hero 6 (2014),disney renaissance|animation|pixar|american animation|alien invasion
130220,Donnie Darko (2001),visually appealing|sci-fi|thought-provoking|action|superhero
999999,The Butterfly Effect (2004),thought-provoking|visually appealing|director: christopher nolan|sci-fi|alternate reality
